,Location,region,"('%_death_probability_both', '')","('%_death_probability_male', '')","('%_death_probability_female', '')","('alcohol_per_capita_both', '')_x","('alcohol_per_capita_male', '')_x","('alcohol_per_capita_female', '')_x","('alcohol_per_capita_both', '')","('alcohol_per_capita_male', '')","('alcohol_per_capita_female', '')","('%_tobacco_both', '')","('%_tobacco_male', '')","('%_tobacco_female', '')","('%_water', '')","('%_h_w_facilities', '')","('%_doctors', '')","('%_suicide_rate_both', '')","('%_suicide_rate_male', '')","('%_suicide_rate_female', '')","('%_adolescent_birth_rate', '')","('%_w_got_abused', '')","('%_infant_mortality_both', '')","('%_infant_mortality_male', '')","('%_infant_mortality_female', '')","('%_birth_attend_skilled', '')"
0,Afghanistan,Eastern Mediterranean,31.96,34.18,29.72,0.21,0.35666666666666663,0.05433333333333334,0.21,0.35666666666666663,0.05433333333333334,,,,37.755,43.30025641025641,0.023225,0.005475,0.0093,0.00135,11.037272727272729,45.0,12.658931034482759,13.361758620689654,11.962982758620688,41.875
1,Albania,Europe,18.240000000000002,21.82,14.26,7.164,11.606,2.73,7.164,11.606,2.73,30.72222222222222,52.577777777777776,8.855555555555556,84.06166666666667,,0.13092727272727273,0.0065,0.00805,0.004925,1.8647058823529412,,2.912714285714286,3.2627857142857146,2.5430952380952383,99.63333333333333
2,Algeria,Africa,16.54,17.8,15.24,0.784,1.35,0.21200000000000002,0.784,1.35,0.21200000000000002,19.833333333333332,38.011111111111106,1.6888888888888889,86.305,81.4385185185185,0.1445,0.0036,0.00515,0.00205,0.8854545454545455,,7.807030303030303,8.192469696969697,7.473575757575757,95.9
3,Andorra,Europe,,,,11.794,18.198,5.69,11.794,18.198,5.69,34.51111111111111,39.455555555555556,29.54444444444444,100.0,,0.2884,,,,0.598421052631579,,0.6231428571428571,0.6879428571428571,0.5545142857142857,100.0
4,Angola,Africa,19.36,19.82,19.02,6.142,9.768,2.744,6.142,9.768,2.744,,,,24.313888888888886,24.49277777777778,0.011675,0.00645,0.009774999999999999,0.003275,16.348333333333333,24.9625,10.5424,11.380725,9.6022,46.95
5,Antigua and Barbuda,Americas,22.360000000000003,24.7,20.22,5.6739999999999995,9.16,2.572,5.6739999999999995,9.16,2.572,,,,97.32833333333332,,0.13394999999999999,0.001075,0.001775,0.0004,4.235714285714286,,2.5769,2.734257142857143,2.4022428571428573,99.91333333333334
6,Argentina,Americas,17.84,22.84,13.219999999999999,9.14,14.196000000000002,4.426,9.14,14.196000000000002,4.426,28.700000000000003,35.55555555555556,21.855555555555554,87.36555555555555,,0.34327142857142856,0.009,0.0147,0.003575,6.332941176470588,,2.639313725490196,2.8810196078431374,2.385666666666667,97.97777777777777
7,Armenia,Europe,25.1,33.58,17.759999999999998,5.42,8.946000000000002,2.488,5.42,8.946000000000002,2.488,29.244444444444444,56.63333333333333,1.8555555555555554,94.86166666666666,86.97703703703704,0.20320740740740742,0.005175,0.008625,0.0021,2.59,3.0749999999999997,3.364636363636364,3.696159090909091,3.0141136363636365,99.61999999999999
8,Australia,Western Pacific,10.58,12.88,8.22,11.506,17.466,5.6659999999999995,11.506,17.466,5.6659999999999995,19.577777777777776,22.11111111111111,17.033333333333335,99.56611111111111,,0.31455333333333335,0.01295,0.0195,0.0063999999999999994,1.5583333333333333,,1.1447714285714286,1.2756714285714286,1.0075142857142856,99.02222222222223
9,Austria,Europe,12.620000000000001,16.259999999999998,9.1,12.428,19.292,6.012,12.428,19.292,6.012,34.75555555555556,37.111111111111114,32.355555555555554,100.0,,0.41785357142857144,0.017325,0.026625,0.008525,1.0588888888888888,4.0,1.7994857142857144,2.0154714285714284,1.5729857142857142,98.47368421052632
10,Azerbaijan,Europe,25.56,32.260000000000005,19.32,3.444,5.902,1.14,3.444,5.902,1.14,22.144444444444446,44.02222222222222,0.23333333333333334,69.97277777777778,83.24,0.36266,0.0028,0.0045,0.001125,4.375555555555556,10.1,5.494921052631579,5.928526315789473,5.036868421052632,97.38421052631578
11,Bahamas,Americas,17.32,20.8,14.219999999999999,4.662000000000001,7.402000000000001,2.1100000000000003,4.662000000000001,7.402000000000001,2.1100000000000003,11.11111111111111,18.51111111111111,3.688888888888889,98.60222222222222,,0.2036,0.002,0.0034,0.000625,4.0515384615384615,,1.8665384615384615,1.9967884615384615,1.7370769230769232,98.83846153846154
12,Bahrain,Eastern Mediterranean,15.680000000000001,15.580000000000002,15.86,1.516,2.13,0.45199999999999996,1.516,2.13,0.45199999999999996,25.9,42.18888888888889,9.633333333333333,99.96944444444445,,0.09936874999999999,0.006200000000000001,0.008625,0.00255,1.3894444444444443,,3.972078125,4.031453125,3.887,98.63333333333334
13,Bangladesh,South-East Asia,21.740000000000002,21.78,21.68,0.11800000000000002,0.20180000000000003,0.031799999999999995,0.11800000000000002,0.20180000000000003,0.031799999999999995,42.711111111111116,61.955555555555556,23.51111111111111,95.51333333333334,36.81410256410256,0.03892941176470588,0.0063750000000000005,0.0048000000000000004,0.00795,10.734285714285715,28.0,11.299042857142856,11.99387142857143,10.450071428571428,35.7
14,Barbados,Americas,18.06,22.0,14.62,8.296000000000001,13.66,3.5,8.296000000000001,13.66,3.5,9.177777777777777,15.844444444444443,2.522222222222222,98.405,88.47,0.16970000000000002,0.00215,0.0029,0.00145,5.321428571428571,,3.7670428571428567,4.0590142857142855,3.450228571428571,99.52857142857144
15,Belarus,Europe,29.580000000000002,42.64,18.060000000000002,14.27,23.002,6.918000000000001,14.27,23.002,6.918000000000001,29.91111111111111,48.77777777777778,11.033333333333333,97.56,,0.35241923076923076,0.038175,0.067925,0.012150000000000001,2.1616666666666666,,0.9169750000000001,1.0492000000000001,0.7779999999999999,99.87333333333335
16,Belgium,Europe,12.9,16.44,9.459999999999999,11.984,18.582,5.718,11.984,18.582,5.718,26.555555555555557,29.311111111111114,23.799999999999997,100.0,,0.2908842105263158,0.021325,0.0297,0.013275,0.9333333333333333,8.0,1.5176571428571428,1.7098714285714287,1.3152857142857144,
17,Belize,Americas,23.64,26.9,20.22,6.55,10.414,2.722,6.55,10.414,2.722,,,,90.67277777777778,82.16717948717948,0.09230000000000001,0.005025,0.008225,0.001875,7.498571428571429,,3.394471698113208,3.7166226415094337,3.077377358490566,93.67
18,Benin,Africa,19.84,20.259999999999998,19.46,2.588,4.188000000000001,1.06,2.588,4.188000000000001,1.06,9.933333333333334,16.755555555555556,3.066666666666667,55.40611111111111,6.335,0.0086625,0.009675,0.0135,0.006,9.98,,12.396071428571428,13.285642857142857,11.382614285714286,77.55
19,Bhutan,South-East Asia,26.139999999999997,24.619999999999997,27.96,1.2280000000000002,1.938,0.44000000000000006,1.2280000000000002,1.938,0.44000000000000006,,,,88.36277777777778,80.65666666666667,0.03136,0.011824999999999999,0.0144,0.008975,4.1499999999999995,,8.459607843137254,8.996666666666666,7.992705882352941,74.42
20,Bolivia (Plurinational State of),Americas,19.44,19.82,19.080000000000002,4.4879999999999995,6.892,2.116,4.4879999999999995,6.892,2.116,,,,66.34833333333333,24.217083333333335,0.08064,0.01455,0.0182,0.010825,8.441666666666666,27.1,8.741783333333332,9.575183333333333,7.961383333333333,80.875
21,Bosnia and Herzegovina,Europe,20.82,26.52,15.559999999999999,6.992,11.568000000000001,2.66,6.992,11.568000000000001,2.66,40.78888888888889,49.833333333333336,31.733333333333334,95.94,97.1937037037037,0.17023333333333335,0.009225,0.014875,0.003775,1.4541176470588235,,1.0671944444444443,1.1778333333333333,0.9495833333333334,99.84444444444445
22,Botswana,Africa,22.0,25.660000000000004,19.080000000000002,8.146,13.45,3.08,8.146,13.45,3.08,26.0,37.31111111111111,14.688888888888888,61.695,,0.0353125,0.011300000000000001,0.018,0.00475,4.866,,5.730676923076922,6.267738461538462,5.210261538461538,97.9
23,Brazil,Americas,19.56,23.54,15.919999999999998,8.174,12.99,3.604,8.174,12.99,3.604,21.244444444444444,27.4,15.122222222222222,81.4588888888889,,0.152425,0.005625,0.008675,0.002625,6.75,,6.473446153846154,7.0788769230769235,5.725184615384616,98.79444444444444
24,Brunei Darussalam,Western Pacific,17.8,19.66,15.940000000000001,0.378,0.564,0.178,0.378,0.564,0.178,16.044444444444444,28.922222222222224,3.1888888888888887,99.9,,0.13532666666666668,0.003575,0.0050999999999999995,0.001925,1.716923076923077,,3.3505714285714285,3.695057142857143,2.989957142857143,99.68333333333334
25,Bulgaria,Europe,25.7,34.28,17.34,11.906,19.009999999999998,5.296,11.906,19.009999999999998,5.296,42.25555555555556,48.05555555555556,36.43333333333333,98.86277777777778,,0.357932,0.01395,0.021249999999999998,0.006999999999999999,4.165555555555556,9.0,2.7182857142857144,2.9791000000000003,2.4324857142857144,99.48571428571428
26,Burkina Faso,Africa,22.22,23.14,21.54,10.006,16.872,3.54,10.006,16.872,3.54,19.77777777777778,27.422222222222224,12.177777777777777,43.49944444444444,12.199074074074074,0.005236363636363636,0.00775,0.0107,0.0049,12.96375,9.528571428571428,11.203457142857141,11.989628571428572,10.367457142857143,66.39999999999999
27,Burundi,Africa,22.96,22.54,23.4,8.028,13.216,3.134,8.028,13.216,3.134,14.944444444444445,21.6,8.322222222222223,52.18888888888889,11.022619047619047,0.0055,0.00835,0.011725,0.005075,6.03,28.575,10.194178571428571,10.978660714285713,9.348392857142857,59.06666666666666
28,Cambodia,Western Pacific,22.82,25.479999999999997,20.84,4.496,7.386,1.864,4.496,7.386,1.864,28.688888888888886,47.2,10.188888888888888,59.962222222222216,71.21066666666665,0.022019999999999998,0.00555,0.0079,0.003325,4.68,10.55,7.506377777777777,8.237933333333332,6.8124,58.36
29,Cameroon,Africa,22.5,23.060000000000002,22.0,6.912000000000001,10.998000000000001,2.888,6.912000000000001,10.998000000000001,2.888,9.555555555555555,17.51111111111111,1.6222222222222222,38.76833333333333,8.868333333333334,0.009166666666666667,0.0123,0.016999999999999998,0.007575,13.2175,32.025,10.397106060606061,11.26710606060606,9.545,62.175
30,Canada,Americas,11.58,13.86,9.36,9.306666666666667,14.526666666666666,4.24,9.306666666666667,14.526666666666666,4.24,23.41111111111111,29.28888888888889,17.533333333333335,98.45166666666667,,0.2311,0.012924999999999999,0.019075,0.006875,1.3005882352941176,,1.3758714285714286,1.5275285714285713,1.2163571428571427,98.52631578947368
31,Cabo Verde,Africa,18.639999999999997,20.18,17.56,6.4079999999999995,10.178,2.836,6.4079999999999995,10.178,2.836,,,,71.56944444444444,,0.05986666666666667,0.0104,0.014825,0.006125,8.328,7.8,6.731342857142858,7.243014285714286,6.1579428571428565,86.53333333333335
32,Central African Republic,Africa,24.18,24.880000000000003,23.6,3.218,5.202,1.316,3.218,5.202,1.316,,,,37.747058823529414,17.184814814814814,0.0060999999999999995,0.0088,0.012925,0.00475,17.599999999999998,25.34,11.657266666666667,12.468783333333333,10.91735,41.699999999999996
33,Chad,Africa,24.259999999999998,24.74,23.84,3.6719999999999997,6.074,1.314,3.6719999999999997,6.074,1.314,12.788888888888888,21.977777777777778,3.6222222222222222,30.654999999999998,8.576190476190478,0.003675,0.008525,0.009425,0.0076,17.816666666666666,16.95,10.2603125,11.046208333333333,9.437312499999999,20.450000000000003
34,Chile,Americas,13.34,16.04,10.92,8.862,13.622,4.276000000000001,8.862,13.622,4.276000000000001,47.388888888888886,51.55555555555556,43.2,87.78500000000001,,0.1505,0.01115,0.0185,0.003925,5.009444444444444,,3.503295081967213,3.790032786885246,3.2182950819672134,99.62222222222222
35,China,Western Pacific,18.6,21.380000000000003,15.580000000000002,5.82,9.078,2.432,5.82,9.078,2.432,26.11111111111111,50.03333333333333,2.2,77.87277777777778,,0.13906190476190478,0.011349999999999999,0.009875,0.0129,0.596875,,3.633156862745098,3.8275490196078428,3.4272745098039215,98.50588235294117
36,Colombia,Americas,17.68,20.18,15.48,5.51,8.925999999999998,2.274,5.51,8.925999999999998,2.274,10.433333333333334,15.377777777777778,5.522222222222222,78.77833333333334,57.592,0.15191739130434784,0.00745,0.01185,0.003125,7.901999999999999,18.912499999999998,4.700102941176471,5.179573529411765,4.255676470588235,96.82105263157894
37,Comoros,Africa,23.98,25.660000000000004,22.419999999999998,0.49000000000000005,0.852,0.1272,0.49000000000000005,0.852,0.1272,25.78888888888889,33.833333333333336,17.744444444444444,83.13666666666667,16.025925925925925,0.020300000000000002,0.0062499999999999995,0.009049999999999999,0.003375,8.12,4.7875,8.85522,9.468340000000001,8.06206,82.2
38,Congo,Africa,19.919999999999998,18.9,20.84,6.108,9.64,2.6100000000000003,6.108,9.64,2.6100000000000003,14.244444444444444,25.87777777777778,2.566666666666667,29.300555555555555,45.18333333333334,0.025649999999999996,0.008150000000000001,0.011325,0.0049499999999999995,13.307999999999998,,6.899322580645161,7.461032258064516,6.2398225806451615,89.03333333333335
39,Cook Islands,Western Pacific,,,,,,,,,,31.599999999999998,36.46666666666667,26.733333333333334,99.88611111111112,,0.11345,,,,5.7175,9.45,3.5562028985507244,3.913072463768116,3.1494927536231883,99.5
40,Costa Rica,Americas,12.58,14.680000000000001,10.5,5.08,8.11,2.0780000000000003,5.08,8.11,2.0780000000000003,12.244444444444445,18.12222222222222,6.377777777777777,93.64611111111111,83.60740740740741,0.2096,0.007925,0.01355,0.00225,6.532631578947369,,3.4835,3.8041714285714283,3.1483142857142856,98.04736842105264
41,Côte d’Ivoire,Africa,28.26,27.360000000000003,29.380000000000003,3.6799999999999997,5.805999999999999,1.3900000000000001,3.6799999999999997,5.805999999999999,1.3900000000000001,15.08888888888889,27.544444444444444,2.611111111111111,56.70666666666667,19.17111111111111,0.014660000000000001,0.011949999999999999,0.0172,0.006500000000000001,12.5,21.65,,,,62.58
42,Croatia,Europe,19.259999999999998,26.26,12.559999999999999,10.228,16.264,4.748,10.228,16.264,4.748,35.93333333333333,39.266666666666666,32.599999999999994,98.98944444444444,,0.2724666666666667,0.019475,0.029825,0.009825,1.2999999999999998,4.0,0.8633333333333334,0.9611794871794873,0.761974358974359,99.9
43,Cuba,Americas,17.26,19.7,14.780000000000001,5.372,8.544,2.2199999999999998,5.372,8.544,2.2199999999999998,32.97777777777778,46.01111111111111,19.922222222222224,85.49,83.06625,0.6232689655172414,0.014624999999999999,0.02215,0.00705,4.933888888888889,,1.741967741935484,1.9321451612903227,1.5431612903225806,99.9
44,Cyprus,Europe,12.5,16.439999999999998,8.620000000000001,11.242,17.396,5.098,11.242,17.396,5.098,38.422222222222224,54.21111111111111,22.633333333333333,99.77388888888889,,0.1983923076923077,0.00385,0.005625,0.002075,0.5627777777777778,3.0,1.0411632653061225,1.1460204081632652,0.9325102040816327,97.81875
45,Czechia,Europe,18.14,24.3,12.32,14.504,22.384,7.074000000000001,14.504,22.384,7.074000000000001,32.577777777777776,37.25555555555556,27.844444444444445,99.725,,0.3393448275862069,0.01565,0.025925,0.0058,1.1605555555555556,6.0,0.6322051282051282,0.7118717948717949,0.5483846153846154,99.76875
46,Democratic Republic of the Congo,Africa,20.580000000000002,20.54,20.66,1.5219999999999998,2.44,0.634,1.5219999999999998,2.44,0.634,,,,19.29111111111111,4.619761904761905,0.008566666666666667,0.0059499999999999996,0.0087,0.00325,12.623333333333333,35.35,11.081,11.843627450980392,10.28413725490196,69.825
47,Denmark,Europe,13.959999999999999,16.1,11.86,11.315999999999999,17.402,5.4079999999999995,11.315999999999999,17.402,5.4079999999999995,24.055555555555557,25.055555555555557,23.033333333333335,100.0,,0.31951481481481486,0.0142,0.01905,0.009475,0.4411111111111111,7.0,1.0836857142857144,1.2359714285714285,0.9233,97.51111111111112
48,Djibouti,Eastern Mediterranean,20.14,21.6,18.8,0.898,1.55,0.246,0.898,1.55,0.246,,,,50.88944444444444,,0.01872,0.005825,0.007549999999999999,0.00405,2.4,,8.287227272727272,8.926863636363636,7.610886363636364,75.46666666666667
49,Dominica,Americas,,,,9.85,15.922,4.0200000000000005,9.85,15.922,4.0200000000000005,,,,95.3675,,0.11453333333333333,,,,4.945,,2.622,2.7903666666666664,2.4410499999999997,99.5625
50,Dominican Republic,Americas,20.0,22.380000000000003,17.64,6.548,10.458,2.716,6.548,10.458,2.716,12.077777777777778,14.222222222222221,9.955555555555556,84.99611111111112,51.66708333333333,0.14916666666666667,0.008749999999999999,0.0144,0.003125,9.475,16.35,6.051728571428571,6.420285714285715,5.7016,98.26666666666667
51,Timor-Leste,South-East Asia,22.82,24.419999999999998,21.14,1.448,2.2920000000000003,0.5900000000000001,1.448,2.2920000000000003,0.5900000000000001,43.63333333333333,74.6,12.677777777777777,55.05125,30.84722222222222,0.06932,0.00635,0.008625,0.004025,5.854285714285714,34.4,5.481947368421053,5.907157894736842,4.895388888888889,36.666666666666664
52,Ecuador,Americas,14.360000000000003,15.34,13.440000000000001,5.422,8.298,2.586,5.422,8.298,2.586,,,,78.66000000000001,79.87125,0.14630526315789472,0.008275,0.011925,0.004625,9.565,10.8,5.747984615384615,6.356076923076923,5.144261538461539,88.42666666666668
53,Egypt,Eastern Mediterranean,27.26,31.139999999999997,23.380000000000003,0.33199999999999996,0.572,0.091,0.33199999999999996,0.572,0.091,21.311111111111114,42.05555555555556,0.5666666666666667,97.755,79.53777777777778,0.07601666666666666,0.003525,0.00555,0.00145,5.163636363636363,14.025,9.713892307692308,9.930265625,9.471815384615384,81.53333333333335
54,El Salvador,Americas,15.12,15.940000000000001,14.459999999999999,3.69,6.198,1.572,3.69,6.198,1.572,14.644444444444446,26.044444444444444,3.2444444444444445,73.15666666666667,89.71791666666667,0.15467999999999998,0.012025000000000001,0.019825000000000002,0.00495,8.266,7.3375,6.304476923076923,6.716523076923077,5.737846153846154,96.91428571428571
55,Equatorial Guinea,Africa,23.4,24.5,22.32,8.373999999999999,11.916,3.8600000000000003,8.373999999999999,11.916,3.8600000000000003,,,,33.85388888888889,23.714074074074073,0.030749999999999996,0.0156,0.023375,0.006675,16.915,47.1,9.951815789473685,10.826552631578947,9.200921052631578,68.3
56,Eritrea,Africa,24.759999999999998,25.839999999999996,23.759999999999998,1.5779999999999998,2.62,0.556,1.5779999999999998,2.62,0.556,8.877777777777778,17.333333333333332,0.43333333333333335,29.02058823529412,,0.0071,0.009774999999999999,0.01455,0.005,8.34,,7.309978260869565,8.250869565217391,6.309565217391304,34.1
57,Estonia,Europe,20.84,30.339999999999996,12.960000000000003,11.846,19.253999999999998,5.601999999999999,11.846,19.253999999999998,5.601999999999999,33.766666666666666,42.53333333333333,24.98888888888889,98.39666666666668,,0.32977931034482755,0.021525,0.03675,0.008225,1.9366666666666665,4.0,0.9100999999999999,1.018775,0.7952250000000001,99.40526315789474
58,Eswatini,Africa,26.880000000000003,29.82,24.619999999999997,8.174,13.896,3.068,8.174,13.896,3.068,11.088888888888889,18.977777777777778,3.177777777777778,52.14833333333334,29.446190476190477,0.01825,0.01215,0.018475000000000002,0.006225,9.66,,8.763128571428572,9.5355,8.010242857142856,78.325
59,Ethiopia,Africa,19.54,19.759999999999998,19.360000000000003,2.1719999999999997,3.6100000000000003,0.764,2.1719999999999997,3.6100000000000003,0.764,5.277777777777778,9.477777777777778,1.1,21.435,11.71388888888889,0.00407,0.0076,0.0117,0.003525,8.868571428571428,20.0625,10.184685185185185,11.217462962962964,9.152685185185184,14.725
60,Fiji,Western Pacific,33.260000000000005,39.519999999999996,26.560000000000002,3.134,5.156000000000001,1.062,3.134,5.156000000000001,1.062,28.466666666666665,44.7,12.233333333333333,89.73111111111112,,0.055216666666666664,0.004399999999999999,0.0062,0.002525,2.804,30.62857142857143,3.7168714285714284,4.003357142857143,3.4018,98.68823529411765
61,Finland,Europe,12.0,16.0,8.08,11.87,18.472,5.616,11.87,18.472,5.616,22.544444444444444,25.044444444444444,20.055555555555557,100.0,,0.3095826086956522,0.019575,0.02915,0.01035,0.8516666666666667,8.0,1.0433000000000001,1.161357142857143,0.9184714285714287,99.66666666666667
62,France,Europe,11.92,16.02,7.840000000000001,12.908000000000001,20.052,6.144,12.908000000000001,20.052,6.144,34.55555555555556,36.81111111111111,32.32222222222222,100.0,,0.3301655172413793,0.0204,0.0279,0.013175,0.7294736842105263,7.0,1.274757142857143,1.4348142857142856,1.1058000000000001,97.9
63,Gabon,Africa,15.3,15.6,15.040000000000001,9.629999999999999,14.692000000000002,4.414,9.629999999999999,14.692000000000002,4.414,,,,47.24444444444444,,0.029975,0.00675,0.0102,0.00325,10.915,32.3625,5.335690476190476,5.901190476190476,4.739023809523809,89.3
64,Gambia,Africa,21.46,23.02,19.759999999999998,3.8879999999999995,6.62,1.278,3.8879999999999995,6.62,1.278,16.577777777777776,30.900000000000002,2.2666666666666666,65.36944444444445,6.9140476190476186,0.010571428571428574,0.00565,0.00715,0.004225,10.14857142857143,6.625,9.110546875,9.8758125,8.293421875,62.025000000000006
65,Georgia,Europe,24.5,33.260000000000005,16.64,7.6659999999999995,12.644,3.354,7.6659999999999995,12.644,3.354,31.122222222222224,56.75555555555556,5.5,91.29388888888889,,0.435504347826087,0.006500000000000001,0.01105,0.002325,4.0942105263157895,,3.1629555555555555,3.529377777777778,2.7765333333333335,98.78888888888889
66,Germany,Europe,13.580000000000002,17.44,9.72,13.209999999999999,20.458,6.348000000000001,13.209999999999999,20.458,6.348000000000001,29.799999999999997,32.388888888888886,27.211111111111112,100.0,,0.3480592592592593,0.01395,0.020749999999999998,0.007425,0.9547368421052632,5.0,0.4272,0.47146666666666665,0.3805,98.45555555555556
67,Ghana,Africa,20.8,17.880000000000003,23.4,3.84,6.142,1.614,3.84,6.142,1.614,4.5,8.38888888888889,0.6000000000000001,60.946666666666665,40.723333333333336,0.010433333333333333,0.004575,0.0072,0.002,6.987,19.525,9.0064,9.67127142857143,8.225657142857143,62.61666666666667
68,Greece,Europe,13.219999999999999,18.16,8.42,10.25,16.122,4.596,10.25,16.122,4.596,42.53333333333333,49.422222222222224,35.644444444444446,99.51333333333334,,0.41626785714285713,0.00375,0.006225,0.001375,0.9747368421052631,8.0,1.9098000000000002,2.0143857142857144,1.7981285714285715,99.94947368421053
69,Grenada,Americas,23.839999999999996,27.860000000000003,20.04,9.084,14.488,3.7980000000000005,9.084,14.488,3.7980000000000005,,,,94.95222222222222,,0.06611249999999999,0.00165,0.0026000000000000003,0.0007,4.366666666666666,,3.3614714285714284,3.529757142857143,3.1773571428571428,99.50833333333333
70,Guatemala,Americas,14.959999999999999,15.0,14.940000000000001,3.44,5.593999999999999,1.4600000000000002,3.44,5.593999999999999,1.4600000000000002,,,,84.40388888888889,76.56,0.07113333333333333,0.0031,0.004525,0.0017000000000000001,9.499166666666667,8.4,7.392301587301587,7.949476190476191,6.743857142857143,57.375
71,Guinea,Africa,22.759999999999998,22.22,23.240000000000002,0.8640000000000001,1.468,0.264,0.8640000000000001,1.468,0.264,,,,51.64944444444445,18.676944444444445,0.00952,0.0065249999999999996,0.0078,0.005275,14.15,,14.580271428571429,15.249485714285713,13.365057971014492,49.35
72,Guinea-Bissau,Africa,21.4,21.64,21.22,4.872,8.116,1.8399999999999999,4.872,8.116,1.8399999999999999,,,,47.855555555555554,6.561666666666666,0.011266666666666668,0.004375,0.005050000000000001,0.00375,12.6975,,9.700228571428571,10.493942857142857,8.873657142857143,39.666666666666664
73,Guyana,Americas,31.26,32.58,30.02,7.596000000000001,12.242,3.016,7.596000000000001,12.242,3.016,16.288888888888888,29.5,3.077777777777778,91.16166666666668,76.63666666666667,0.054849999999999996,0.025925,0.03845,0.0133,8.331666666666667,,5.060442857142857,5.678414285714285,4.406042857142857,93.96666666666667
74,Haiti,Americas,25.6,26.7,24.6,3.248,5.316,1.29,3.248,5.316,1.29,9.466666666666667,14.777777777777779,4.144444444444444,41.611111111111114,24.12388888888889,0.017374999999999998,0.010025,0.01475,0.0054,6.2,15.15,11.344125,12.196796875,10.282921875,38.4
75,Honduras,Americas,14.919999999999998,16.82,13.2,3.6439999999999997,5.89,1.468,3.6439999999999997,5.89,1.468,,,,82.43055555555556,83.8425925925926,0.05173333333333333,0.002525,0.0037,0.001375,10.018333333333333,11.15,6.2876562499999995,6.9004375,5.65425,74.82000000000001
76,Hungary,Europe,25.06,33.980000000000004,17.02,12.774,20.270000000000003,6.174,12.774,20.270000000000003,6.174,33.48888888888889,38.144444444444446,28.855555555555554,100.0,,0.3244965517241379,0.026375,0.042075,0.012150000000000001,2.09,8.0,2.5021285714285715,2.7662,2.224042857142857,99.46111111111111
77,Iceland,Europe,10.680000000000001,12.24,9.059999999999999,8.026,12.258,3.7960000000000003,8.026,12.258,3.7960000000000003,18.48888888888889,19.188888888888886,17.755555555555556,100.0,,0.35108,0.013925,0.02105,0.006775000000000001,1.2855555555555556,,0.8776571428571428,0.9617714285714285,0.7829571428571429,98.60000000000001
78,India,South-East Asia,24.54,27.639999999999997,21.34,4.008,6.502,1.358,4.008,6.502,1.358,33.36666666666667,48.144444444444446,18.566666666666666,82.35611111111112,62.77444444444445,0.0677,0.017,0.0181,0.0158,3.8958823529411766,21.525,7.487066666666667,7.568777777777778,7.352422222222222,65.425
79,Indonesia,South-East Asia,26.6,30.160000000000004,23.14,0.5479999999999999,0.9400000000000001,0.162,0.5479999999999999,0.9400000000000001,0.162,38.833333333333336,69.26666666666667,8.399999999999999,74.02111111111111,63.489444444444445,0.022214285714285714,0.003675,0.005124999999999999,0.0022500000000000003,4.841428571428572,,8.286043478260869,9.065449275362319,7.38972463768116,88.23571428571428
80,Iran (Islamic Republic of),Eastern Mediterranean,18.66,19.78,17.48,0.768,1.326,0.1968,0.768,1.326,0.1968,16.255555555555556,28.0,4.533333333333333,89.33611111111111,,0.10964285714285714,0.008,0.0097,0.006225,3.4121428571428574,,4.6038163265306125,4.720163265306122,4.478938775510204,98.07142857142857
81,Iraq,Eastern Mediterranean,22.5,25.76,19.419999999999998,0.42800000000000005,0.736,0.12000000000000002,0.42800000000000005,0.736,0.12000000000000002,23.87777777777778,42.75555555555556,4.966666666666667,71.94555555555556,89.71000000000001,0.082,0.002775,0.003325,0.00215,6.1575,,7.062885714285714,7.493971428571428,6.605385714285714,85.02000000000001
82,Ireland,Europe,12.7,15.1,10.2,13.35,20.208000000000002,6.672,13.35,20.208000000000002,6.672,27.266666666666666,28.72222222222222,25.799999999999997,96.99888888888889,,0.28878620689655177,0.01195,0.019,0.0049499999999999995,1.4349999999999998,4.0,1.4793285714285713,1.6455142857142857,1.3048428571428572,99.70588235294117
83,Israel,Europe,11.319999999999999,13.9,8.940000000000001,3.3939999999999997,5.337999999999999,1.544,3.3939999999999997,5.337999999999999,1.544,27.288888888888888,36.47777777777778,18.055555555555557,100.0,,0.38774137931034486,0.00685,0.0106,0.00315,1.3341176470588234,,1.600205882352941,1.6918970588235296,1.503,
84,Italy,Europe,10.940000000000001,14.14,7.9,8.51,13.474,3.896,8.51,13.474,3.896,24.344444444444445,28.922222222222224,19.744444444444444,99.67222222222222,,0.435903448275862,0.007575,0.011300000000000001,0.004075,0.6388888888888888,7.0,1.9791714285714286,2.1570714285714288,1.7924285714285715,99.8
85,Jamaica,Americas,15.8,17.32,14.3,4.426,7.142,1.8059999999999998,4.426,7.142,1.8059999999999998,13.411111111111111,21.233333333333334,5.611111111111111,86.33666666666666,66.21037037037037,0.0575875,0.002075,0.0033,0.000875,6.533636363636364,8.6775,3.424058823529412,3.754985294117647,3.0734558823529414,96.31428571428572
86,Japan,Western Pacific,9.66,12.98,6.44,7.85,12.1,3.8379999999999996,7.85,12.1,3.8379999999999996,25.355555555555554,38.93333333333334,11.777777777777779,98.69222222222223,,0.20540714285714287,0.02335,0.033775,0.01335,0.4811111111111111,,1.2846714285714285,1.3944,1.169557142857143,99.81666666666666
87,Jordan,Eastern Mediterranean,21.02,24.4,17.54,0.6599999999999999,1.124,0.18,0.6599999999999999,1.124,0.18,,,,98.03,,0.21014999999999998,0.0030499999999999998,0.003775,0.0023,2.893333333333333,14.4375,5.413257142857143,5.607685714285714,5.302899999999999,99.46666666666665
88,Kazakhstan,Europe,33.28,44.64,23.28,6.38,10.616,2.592,6.38,10.616,2.592,27.188888888888886,46.58888888888889,7.800000000000001,81.85666666666667,98.97666666666666,0.37305999999999995,0.03275,0.056525,0.0106,2.9200000000000004,,3.908,4.385571428571429,3.40965306122449,99.47055555555556
89,Kenya,Africa,14.560000000000002,14.9,14.280000000000001,3.136,5.118,1.218,3.136,5.118,1.218,13.866666666666667,24.244444444444444,3.488888888888889,43.45333333333333,26.11466666666667,0.017122222222222223,0.0036249999999999998,0.0058,0.001475,10.516666666666667,24.8125,7.661205882352941,8.123985294117647,7.087338235294118,52.8
90,Kiribati,Western Pacific,28.9,34.72,23.66,1.35,2.302,0.47000000000000003,1.35,2.302,0.47000000000000003,56.955555555555556,72.66666666666667,41.22222222222222,60.824999999999996,,0.02495,0.01415,0.023125,0.005475,4.6,36.1,5.656138888888889,6.188611111111111,5.094333333333333,77.85000000000001
91,Kuwait,Eastern Mediterranean,19.3,20.68,17.080000000000002,0.019,0.0284,0.00404,0.019,0.0284,0.00404,23.355555555555554,42.388888888888886,4.344444444444445,100.0,,0.22292,0.002125,0.0025,0.00165,1.1911764705882353,,2.9310983606557377,3.0792459016393443,2.740622950819672,98.85384615384615
92,Kyrgyzstan,Europe,28.52,36.94,20.84,8.914,15.156,2.9560000000000004,8.914,15.156,2.9560000000000004,29.055555555555557,54.24444444444444,3.888888888888889,77.51777777777778,89.82277777777777,0.273884,0.010725,0.01755,0.00405,3.3755555555555556,15.5875,4.780511111111111,5.239933333333333,4.318755555555556,98.6
93,Lao People's Democratic Republic,Western Pacific,28.02,29.619999999999997,26.6,7.38,11.806000000000001,3.096,7.38,11.806000000000001,3.096,44.97777777777778,68.13333333333334,21.855555555555554,56.714444444444446,52.52066666666666,0.03736,0.009225,0.012150000000000001,0.00635,8.272857142857143,7.65,8.30747619047619,9.069571428571429,7.429666666666667,34.5
94,Latvia,Europe,25.24,36.58,15.779999999999998,11.552000000000001,19.034,5.446,11.552000000000001,19.034,5.446,37.94444444444444,51.733333333333334,24.177777777777777,96.91833333333334,,0.3391107142857143,0.026425,0.046575,0.009325,1.6594444444444445,7.0,1.0547560975609755,1.165439024390244,0.9369756097560975,99.05454545454545
95,Lebanon,Eastern Mediterranean,18.94,21.48,16.18,2.114,3.54,0.6599999999999999,2.114,3.54,0.6599999999999999,42.922222222222224,49.37777777777777,36.48888888888889,89.24555555555555,,0.22933636363636364,0.00315,0.004,0.002325,1.625,,3.0521875,3.171578125,2.929328125,
96,Lesotho,Africa,26.660000000000004,28.28,25.54,5.714,9.866,2.0100000000000002,5.714,9.866,2.0100000000000002,27.166666666666668,47.97777777777778,6.300000000000001,61.782777777777774,2.877083333333333,0.0056500000000000005,0.019425,0.0161,0.0225,9.1,,9.956088235294118,10.719838235294118,9.171735294117648,75.33333333333333
97,Liberia,Africa,17.98,17.839999999999996,18.119999999999997,5.924,9.454,2.43,5.924,9.454,2.43,10.044444444444444,17.177777777777777,2.9222222222222225,56.40611111111111,1.1759259259259258,0.00264,0.006375,0.0068,0.005925,15.081666666666669,34.5875,14.6324375,15.854375,13.510765625,53.7
98,Libya,Eastern Mediterranean,21.02,24.7,17.28,0.058600000000000006,0.1008,0.014800000000000002,0.058600000000000006,0.1008,0.014800000000000002,,,,91.80833333333334,,0.17609999999999998,0.005125,0.0076500000000000005,0.00245,0.628,,5.325377049180328,5.844885245901639,4.909032786885247,99.58000000000001
99,Lithuania,Europe,23.32,34.14,14.16,14.662,23.619999999999997,7.234,14.662,23.619999999999997,7.234,30.011111111111113,40.333333333333336,19.666666666666668,84.07944444444445,,0.371662962962963,0.0417,0.07314999999999999,0.014525,1.731111111111111,6.0,1.1320000000000001,1.2657169811320754,0.9908679245283019,100.0
100,Luxembourg,Europe,11.84,14.88,8.74,13.4,20.302,6.664,13.4,20.302,6.664,24.188888888888886,26.955555555555556,21.4,100.0,,0.2791,0.014675,0.021175,0.00825,0.8544444444444443,3.0,1.4849571428571429,1.6507714285714286,1.3071,99.9
101,Madagascar,Africa,24.619999999999997,26.04,23.34,1.8719999999999999,3.0420000000000003,0.728,1.8719999999999999,3.0420000000000003,0.728,33.18888888888889,49.900000000000006,16.5,29.94055555555555,33.0875,0.01657692307692308,0.004375,0.0062,0.00255,15.09875,,7.735134615384615,8.326134615384616,7.10026923076923,44.73333333333333
102,Malawi,Africa,18.119999999999997,20.380000000000003,16.2,3.15,5.198,1.2,3.15,5.198,1.2,16.544444444444444,25.599999999999998,7.5,56.388888888888886,16.149074074074072,0.0022600000000000003,0.0045249999999999995,0.007299999999999999,0.00185,15.926363636363636,23.6375,12.055090909090909,12.86829090909091,11.308690909090908,75.55
103,Malaysia,Western Pacific,18.46,21.32,15.459999999999999,1.166,1.866,0.43599999999999994,1.166,1.866,0.43599999999999994,23.955555555555556,46.32222222222222,1.588888888888889,91.855,,0.10908571428571427,0.0053,0.0075250000000000004,0.0029749999999999998,1.2547058823529413,,3.2102,3.4729142857142854,2.8825285714285713,98.35944444444445
104,Maldives,South-East Asia,18.259999999999998,20.64,15.62,1.9,3.058,0.466,1.9,3.058,0.466,,,,95.23944444444444,95.94466666666668,0.1784181818181818,0.003375,0.004325,0.0022500000000000003,1.5447058823529414,6.2375,7.202236363636364,7.754581818181818,6.570690909090908,95.375
105,Mali,Africa,25.46,22.759999999999998,27.619999999999997,1.1640000000000001,2.0100000000000002,0.346,1.1640000000000001,2.0100000000000002,0.346,12.266666666666667,22.38888888888889,2.1666666666666665,52.80166666666666,53.73047619047619,0.0104625,0.005,0.0072250000000000005,0.0028250000000000003,16.822857142857142,21.0375,12.42798245614035,13.346140350877194,11.481298245614035,53.333333333333336
106,Malta,Europe,12.26,15.319999999999999,9.3,6.9,10.776,3.0740000000000003,6.9,10.776,3.0740000000000003,27.87777777777778,32.18888888888889,23.544444444444444,100.0,,0.25814444444444445,0.007025,0.011075,0.002975,1.7277777777777779,5.0,2.1513,2.3348857142857145,1.9502999999999997,99.70588235294117
107,Marshall Islands,Western Pacific,,,,,,,,,,,,,74.47411764705882,81.15,0.0532,,,,10.575,19.75714285714286,4.537737704918033,4.991918032786885,4.059295081967213,89.03999999999999
108,Mauritania,Africa,17.98,18.02,17.939999999999998,0.097,0.16999999999999998,0.0258,0.097,0.16999999999999998,0.0258,,,,36.974999999999994,42.28190476190476,0.01565714285714286,0.0037749999999999997,0.00565,0.00185,8.165000000000001,,9.072057142857142,9.899857142857144,8.235242857142858,63.833333333333336
109,Mauritius,Africa,25.28,31.119999999999997,19.6,4.518,7.256,1.866,4.518,7.256,1.866,29.477777777777778,51.31111111111111,7.622222222222222,99.47888888888889,,0.16334615384615384,0.009125000000000001,0.0142,0.0041,3.1142105263157895,,3.7431142857142863,4.1151857142857144,3.354271428571429,99.4909090909091
110,Mexico,Americas,16.36,17.66,15.14,5.608,8.924000000000001,2.4,5.608,8.924000000000001,2.4,16.933333333333334,25.544444444444444,8.3,85.915,85.80666666666667,0.2094357142857143,0.0045249999999999995,0.00735,0.001725,7.495333333333334,9.5,5.584405797101449,6.0605797101449275,5.122507246376811,96.33333333333333
111,Micronesia (Federated States of),Western Pacific,26.72,29.560000000000002,23.919999999999998,2.882,4.74,0.99,2.882,4.74,0.99,,,,82.61222222222221,,0.051059999999999994,0.011300000000000001,0.0154,0.007075,5.2524999999999995,26.071428571428573,3.793461538461538,4.1593333333333335,3.4031025641025643,87.575
112,Republic of Moldova,Europe,29.080000000000002,37.6,21.740000000000002,14.536000000000001,22.768,7.17,14.536000000000001,22.768,7.17,24.944444444444443,44.144444444444446,5.777777777777778,78.44999999999999,87.53518518518518,0.28168076923076923,0.018224999999999998,0.032174999999999995,0.00535,2.8016666666666667,14.675,2.7471020408163267,3.061204081632653,2.4365102040816327,99.43684210526315
113,Monaco,Europe,,,,,,,,,,,,,100.0,,0.61898,,,,,,0.44302857142857144,0.4906,0.3929714285714286,
114,Mongolia,Western Pacific,33.48,41.160000000000004,25.919999999999998,7.44,11.596,3.41,7.44,11.596,3.41,30.88888888888889,53.900000000000006,7.8999999999999995,41.99888888888889,66.96761904761904,0.29307,0.016175000000000002,0.02695,0.00555,2.3323529411764703,13.899999999999999,5.693142857142857,6.518452380952381,4.840214285714286,99.21666666666665
115,Montenegro,Europe,22.96,29.160000000000004,17.0,12.486666666666666,19.88,5.466666666666666,12.486666666666666,19.88,5.466666666666666,,,,95.28166666666668,,0.2059,0.01055,0.0152,0.00605,1.5605263157894735,,1.0753611111111112,1.1438055555555555,1.0030277777777779,98.875
116,Morocco,Eastern Mediterranean,16.34,18.1,14.66,0.852,1.506,0.22999999999999998,0.852,1.506,0.22999999999999998,17.37777777777778,33.544444444444444,1.2222222222222223,49.65166666666667,,0.06736666666666667,0.0047,0.00375,0.0056749999999999995,2.545,,7.64771875,8.189265625,7.009625,78.1
117,Mozambique,Africa,21.419999999999998,22.860000000000003,20.32,1.95,3.2920000000000003,0.754,1.95,3.2920000000000003,0.754,18.27777777777778,29.077777777777776,7.477777777777778,24.29611111111111,13.537407407407407,0.0051090909090909095,0.006500000000000001,0.00965,0.0035499999999999998,18.048571428571428,15.0,13.505964285714285,13.981125,12.73,60.86666666666667
118,Myanmar,South-East Asia,24.880000000000003,27.24,22.82,2.8920000000000003,4.762,1.15,2.8920000000000003,4.762,1.15,50.900000000000006,74.42222222222222,27.400000000000002,58.25888888888889,81.63888888888889,0.053149999999999996,0.007475,0.00525,0.009575,2.3649999999999998,12.25,7.497653846153846,8.165365384615384,6.87125,64.89999999999999
119,Namibia,Africa,23.2,26.32,20.74,3.722,6.266,1.394,3.722,6.266,1.394,20.166666666666668,28.177777777777777,12.166666666666666,67.84333333333333,44.337777777777774,0.042725,0.010175,0.016524999999999998,0.00415,7.363333333333333,23.925,4.94377358490566,5.365283018867925,4.4992264150943395,84.80000000000001
120,Nauru,Western Pacific,,,,4.518,7.524000000000001,1.548,4.518,7.524000000000001,1.548,57.92222222222222,56.24444444444445,59.63333333333334,97.83333333333333,,0.11958571428571428,,,,7.91,,3.6222,3.9724857142857144,3.250514285714286,97.4
121,Nepal,South-East Asia,24.18,27.18,21.4,1.8219999999999998,3.088,0.6639999999999999,1.8219999999999998,3.088,0.6639999999999999,41.266666666666666,56.47777777777778,26.066666666666666,83.37777777777778,59.529230769230765,0.05902,0.011875,0.012625,0.011125,8.485555555555557,11.475,11.95325,12.511705882352942,11.407411764705882,36.04
122,Netherlands,Europe,13.02,15.34,10.64,10.232000000000001,15.782,4.837999999999999,10.232000000000001,15.782,4.837999999999999,26.188888888888886,28.522222222222222,23.866666666666667,100.0,,0.29158,0.01055,0.01415,0.006975,0.5066666666666666,7.0,0.9689857142857145,1.0873428571428572,0.8445857142857143,
123,New Zealand,Western Pacific,12.3,14.3,10.32,10.746,16.604,5.224,10.746,16.604,5.224,19.12222222222222,20.155555555555555,18.11111111111111,100.0,,0.30369999999999997,0.012825,0.01935,0.00655,2.4563157894736842,,1.2737428571428573,1.4278428571428572,1.1112714285714287,96.7764705882353
124,Nicaragua,Americas,16.14,16.48,15.860000000000003,5.07,8.292,2.052,5.07,8.292,2.052,,,,61.17722222222223,,0.07537333333333333,0.014075,0.02165,0.0067,10.6375,7.575,6.7663230769230776,7.418369230769231,6.105107692307692,87.16666666666667
125,Niger,Africa,20.419999999999998,20.1,20.66,0.402,0.702,0.1176,0.402,0.702,0.1176,8.277777777777779,15.355555555555554,1.2111111111111112,34.379444444444445,14.497407407407408,0.0034000000000000002,0.004775000000000001,0.0059499999999999996,0.003525,17.944444444444443,,10.416566037735848,11.114792452830187,9.755509433962265,28.900000000000002
126,Nigeria,Africa,23.66,21.48,25.619999999999997,11.676,18.674,4.618,11.676,18.674,4.618,5.522222222222222,10.18888888888889,0.8333333333333334,45.162777777777784,41.83619047619048,0.036000000000000004,0.00985,0.0093,0.010374999999999999,12.28111111111111,10.625,12.019589285714286,12.897499999999999,10.950767857142859,40.64
127,Niue,Western Pacific,,,,9.0,14.394,3.4520000000000004,9.0,14.394,3.4520000000000004,,,,98.71444444444445,,0.20726,,,,2.745,,1.895257142857143,2.055542857142857,1.6860285714285714,100.0
128,Democratic People's Republic of Korea,South-East Asia,25.76,34.56,18.18,3.72,6.154,1.454,3.72,6.154,1.454,19.62222222222222,39.24444444444444,0.0,95.76222222222222,,0.34654999999999997,0.01105,0.01355,0.0087,0.08499999999999999,,3.0456000000000003,3.4228,2.7922000000000002,98.86666666666667
129,North Macedonia,Europe,,,,,,,,,,,,,,,,,,,,,,,,
130,Norway,Europe,11.24,13.48,9.02,8.138,12.379999999999999,3.9519999999999995,8.138,12.379999999999999,3.9519999999999995,25.366666666666667,26.12222222222222,24.633333333333333,100.0,,0.22731578947368422,0.012750000000000001,0.017025,0.008425,0.7683333333333333,,0.9671857142857143,1.083257142857143,0.8445142857142857,99.13157894736842
131,Oman,Eastern Mediterranean,20.259999999999998,22.02,17.72,2.0799999999999996,3.054,0.5800000000000001,2.0799999999999996,3.054,0.5800000000000001,9.577777777777778,18.288888888888888,0.8666666666666667,65.9629411764706,97.4,0.16593809523809522,0.003875,0.005825,0.000925,1.336875,,6.3335,6.855844827586207,5.774120689655172,98.47500000000001
132,Pakistan,Eastern Mediterranean,25.7,27.580000000000002,23.64,0.213,0.352,0.0658,0.213,0.352,0.0658,25.98888888888889,41.08888888888889,10.899999999999999,85.50388888888888,62.86666666666667,0.07464166666666668,0.003225,0.002875,0.0036499999999999996,5.405,,12.383608695652175,12.969623188405796,11.593202898550725,43.65
133,Palau,Western Pacific,,,,,,,,,,26.955555555555556,40.51111111111111,13.399999999999999,88.18777777777778,,0.14726,,,,3.001111111111111,9.9875,2.416857142857143,2.660685714285714,2.1454571428571425,99.72
134,Panama,Americas,13.84,15.98,11.84,6.7,10.6,2.816,6.7,10.6,2.816,9.633333333333333,15.61111111111111,3.6999999999999997,83.72222222222223,,0.1302875,0.005325,0.009049999999999999,0.00155,8.371111111111112,10.1,3.7094927536231888,4.055000000000001,3.3633188405797103,92.77368421052631
135,Papua New Guinea,Western Pacific,29.72,32.86,26.740000000000002,1.568,2.594,0.53,1.568,2.594,0.53,,,,29.683888888888887,,0.005399999999999999,0.006075,0.0085,0.003575,6.766666666666667,,7.519046153846154,8.014661538461539,7.0408307692307694,49.46666666666667
136,Paraguay,Americas,18.96,20.1,17.84,7.0920000000000005,11.11,2.978,7.0920000000000005,11.11,2.978,17.555555555555557,27.58888888888889,7.477777777777778,76.26444444444445,78.625,0.126,0.009850000000000001,0.0131,0.0065,6.458333333333333,8.0,4.04246875,4.381546875,3.68428125,92.68666666666667
137,Peru,Americas,13.66,14.98,12.42,6.846000000000001,10.495999999999999,3.268,6.846000000000001,10.495999999999999,3.268,15.877777777777778,25.577777777777776,6.199999999999999,63.46,55.51,0.12401999999999999,0.0048000000000000004,0.00695,0.002675,6.174285714285714,11.6,7.176058823529411,7.734411764705883,6.611470588235294,88.27499999999999
138,Philippines,Western Pacific,27.3,33.04,21.759999999999998,6.454000000000001,10.308,2.622,6.454000000000001,10.308,2.622,27.62222222222222,46.36666666666667,8.855555555555556,84.56666666666666,78.71666666666667,0.11653333333333334,0.0029,0.0041,0.00175,5.21,6.3125,4.483925373134328,4.958179104477612,3.991328358208955,72.9
139,Poland,Europe,21.1,29.02,13.76,10.864,17.122,5.128,10.864,17.122,5.128,30.477777777777778,35.28888888888889,25.655555555555555,95.9176923076923,,0.22555714285714284,0.01725,0.030475,0.0049,1.4255555555555555,3.0,2.806685714285714,3.122457142857143,2.476314285714286,99.6842105263158
140,Portugal,Europe,12.78,17.5,8.4,12.774,20.3,6.026,12.774,20.3,6.026,26.87777777777778,33.97777777777778,19.744444444444444,99.2988888888889,,0.358475,0.011475,0.018175,0.0053,1.4955555555555557,6.0,3.3220714285714283,3.603442857142857,3.0263714285714287,98.85000000000001
141,Qatar,Eastern Mediterranean,16.419999999999998,16.82,15.919999999999998,1.544,1.9100000000000001,0.382,1.544,1.9100000000000001,0.382,14.455555555555556,27.244444444444444,1.6666666666666667,99.90388888888889,,0.27117500000000005,0.0048,0.006275,0.000925,1.4268750000000001,,1.9391960784313726,2.0830196078431373,1.7734117647058825,99.98823529411764
142,Romania,Europe,23.619999999999997,31.7,16.06,14.128,22.102,6.731999999999999,14.128,22.102,6.731999999999999,30.366666666666667,40.41111111111111,20.322222222222223,100.0,,0.22853529411764706,0.012825,0.0218,0.0043749999999999995,3.7716666666666665,7.0,3.1336923076923076,3.415769230769231,2.8396615384615385,98.23888888888888
143,Russian Federation,Europe,31.160000000000004,43.739999999999995,20.2,14.524000000000001,24.332,6.302,14.524000000000001,24.332,6.302,30.033333333333335,45.388888888888886,14.688888888888888,88.53444444444443,,0.27627199999999996,0.044075,0.078875,0.013725000000000001,2.6999999999999997,,1.71518,1.9472,1.4712200000000002,99.52666666666667
144,Rwanda,Africa,21.64,22.72,20.84,11.042,18.002,4.538,11.042,18.002,4.538,15.366666666666667,22.37777777777778,8.322222222222223,46.74111111111111,4.938518518518519,0.010185714285714286,0.0102,0.013349999999999999,0.007175,4.267,20.057142857142857,9.891746031746031,10.595936507936507,9.197349206349207,62.6
145,Saint Kitts and Nevis,Americas,,,,9.662,15.24,4.298,9.662,15.24,4.298,,,,98.69857142857143,,0.10919166666666667,,,,6.859999999999999,,2.6427916666666667,2.889416666666667,2.3747083333333334,99.91538461538462
146,Saint Lucia,Americas,21.380000000000003,23.06,19.8,10.736,17.316,4.522,10.736,17.316,4.522,,,,92.75777777777778,87.36407407407407,0.1049076923076923,0.005825,0.01035,0.0014750000000000002,4.72,,4.503285714285714,4.680085714285714,4.3246142857142855,99.25384615384615
147,Saint Vincent and the Grenadines,Americas,22.86,24.96,20.720000000000002,7.110000000000001,11.286,2.8579999999999997,7.110000000000001,11.286,2.8579999999999997,,,,94.31555555555556,,0.07866,0.00555,0.009649999999999999,0.0013499999999999999,6.62,,4.650347826086957,4.8726376811594205,4.397594202898551,99.37333333333332
148,Samoa,Western Pacific,24.22,30.419999999999998,17.52,3.242,5.272,1.074,3.242,5.272,1.074,32.577777777777776,46.044444444444444,19.1,93.42500000000001,,0.0408375,0.006075,0.0093,0.002575,3.6350000000000002,22.0,4.105614285714285,4.441528571428571,3.774142857142857,81.10000000000001
149,San Marino,Europe,,,,,,,,,,,,,100.0,,0.528475,,,,0.23249999999999998,,0.6386857142857143,0.7014285714285714,0.5727428571428571,
150,Sao Tome and Principe,Africa,18.9,18.56,19.259999999999998,7.6659999999999995,12.116,3.3519999999999994,7.6659999999999995,12.116,3.3519999999999994,5.688888888888889,9.366666666666667,2.011111111111111,67.94333333333333,42.64625,0.029866666666666666,0.002025,0.0027,0.00135,9.559999999999999,26.0,5.239654545454545,5.764054545454546,4.702963636363637,84.96666666666667
151,Saudi Arabia,Eastern Mediterranean,17.619999999999997,19.3,15.440000000000001,0.182,0.282,0.040600000000000004,0.182,0.282,0.040600000000000004,16.72222222222222,30.666666666666668,2.7555555555555555,98.56555555555556,,0.2087090909090909,0.0031,0.0045000000000000005,0.0013,1.515,,3.5583333333333336,3.824895833333333,3.3956250000000003,96.81
152,Senegal,Africa,19.94,20.78,19.28,0.78,1.3699999999999999,0.236,0.78,1.3699999999999999,0.236,10.744444444444445,20.366666666666667,1.1222222222222225,54.80944444444444,24.772,0.013033333333333334,0.0072250000000000005,0.01085,0.00375,9.086153846153847,12.15,8.881528571428571,9.54892857142857,8.1388,60.125
153,Serbia,Europe,23.26,29.28,17.380000000000003,9.713333333333333,15.443333333333333,4.333333333333333,9.713333333333333,15.443333333333333,4.333333333333333,42.266666666666666,43.84444444444445,40.68888888888889,88.97611111111111,97.70629629629629,0.24462857142857142,0.017675,0.0257,0.01,2.2405882352941178,,1.4015555555555554,1.5162777777777778,1.281111111111111,99.25333333333333
154,Seychelles,Africa,22.56,30.3,14.52,12.558,19.536,5.696,12.558,19.536,5.696,22.51111111111111,37.577777777777776,7.466666666666667,95.15833333333333,,0.11696999999999999,0.00915,0.0158,0.0025,6.048947368421053,,3.5074571428571426,3.736214285714286,3.2635428571428573,99.22222222222223
155,Sierra Leone,Africa,32.58,31.02,34.02,5.706,9.884,1.67,5.706,9.884,1.67,24.711111111111112,36.611111111111114,12.81111111111111,36.53111111111111,14.93595238095238,0.002325,0.01,0.011875,0.008225,12.58,28.525,15.264550000000002,16.28549180327869,14.30560655737705,61.9
156,Singapore,Western Pacific,12.14,15.34,8.959999999999999,2.1119999999999997,3.17,1.09,2.1119999999999997,3.17,1.09,16.522222222222222,27.711111111111112,5.311111111111111,100.0,,0.1692266666666667,0.01075,0.014249999999999999,0.00735,0.5310526315789473,,1.753342857142857,1.9187,1.5773,99.66315789473684
157,Slovakia,Europe,20.7,28.720000000000006,13.38,11.84,18.508,5.68,11.84,18.508,5.68,32.077777777777776,40.099999999999994,24.044444444444444,98.04166666666667,,0.3328473684210526,0.013725000000000001,0.023875,0.0040999999999999995,2.229444444444445,8.0,0.9466923076923077,1.0573333333333332,0.8292051282051282,99.03263157894736
158,Slovenia,Europe,14.780000000000001,19.7,9.959999999999999,12.216,18.906,5.804,12.216,18.906,5.804,23.544444444444444,25.72222222222222,21.322222222222223,99.4,,0.2473631578947368,0.0253,0.03955,0.011525,0.5249999999999999,2.0,0.5993076923076923,0.6591282051282051,0.536051282051282,99.8923076923077
159,Solomon Islands,Western Pacific,26.74,28.919999999999998,24.419999999999998,1.556,2.566,0.534,1.556,2.566,0.534,39.166666666666664,56.52222222222222,21.866666666666664,70.31166666666667,41.10047619047619,0.01715,0.007375,0.00995,0.00465,6.915,41.8,4.41205,4.7676,4.1249,86.1
160,Somalia,Eastern Mediterranean,22.66,22.52,22.82,0.07400000000000001,0.1298,0.0196,0.07400000000000001,0.1298,0.0196,,,,20.650555555555556,9.954761904761906,0.00255,0.004625,0.006175,0.0031,13.3,,10.039,10.549815789473685,9.154236842105263,17.1
161,South Africa,Africa,27.82,33.4,23.1,9.754,16.256,3.628,9.754,16.256,3.628,33.36666666666667,46.84444444444445,19.88888888888889,73.43388888888889,41.23722222222222,0.07521818181818182,0.01185,0.018525,0.005375,5.96,,4.8189782608695655,5.205673913043478,4.415195652173913,95.5
162,Republic of Korea,Western Pacific,11.34,15.76,7.06,10.52,15.898,5.220000000000001,10.52,15.898,5.220000000000001,25.966666666666665,45.71111111111111,6.233333333333333,99.015625,,0.20185,0.026000000000000002,0.035250000000000004,0.016675000000000002,0.19111111111111112,,3.7354927536231886,3.9564782608695652,3.481072463768116,99.9
163,South Sudan,Africa,21.160000000000004,21.72,20.64,,,,,,,,,,36.94,,,0.0043,0.005625,0.002925,15.665,,11.0096,11.806625,10.3111,14.549999999999999
164,Spain,Europe,11.28,15.76,6.959999999999999,11.866,18.55,5.496,11.866,18.55,5.496,30.82222222222222,34.08888888888889,27.566666666666666,100.0,,0.3232285714285714,0.007949999999999999,0.01205,0.004,0.9916666666666667,2.0,0.6977391304347825,0.770891304347826,0.6207608695652174,
165,Sri Lanka,South-East Asia,18.4,23.32,13.8,3.386,5.554,1.3820000000000001,3.386,5.554,1.3820000000000001,24.366666666666667,44.44444444444444,4.333333333333333,81.89444444444445,,0.054180769230769234,0.02145,0.033975,0.009325,2.490909090909091,,3.6026231884057975,3.9160434782608693,3.273086956521739,99.05
166,Sudan,Eastern Mediterranean,26.0,27.85,24.3,0.515,0.89,0.14500000000000002,0.515,0.89,0.14500000000000002,,,,50.00285714285714,24.79714285714286,0.028633333333333334,0.008,0.0121,0.004,8.68,,4.520666666666667,5.010222222222222,4.004666666666667,77.7
167,Suriname,Americas,23.919999999999998,28.28,19.82,5.612,8.958,2.298,5.612,8.958,2.298,,,,81.50166666666667,65.74259259259259,0.09275714285714286,0.0252,0.038925,0.011349999999999999,6.275714285714286,,2.873351351351351,3.1904864864864866,2.5385405405405406,90.7
168,Sweden,Europe,10.76,12.64,8.92,8.943999999999999,13.815999999999999,4.172,8.943999999999999,13.815999999999999,4.172,35.93333333333333,34.44444444444444,37.37777777777777,100.0,,0.3531090909090909,0.01575,0.021,0.0105,0.5683333333333334,6.0,0.8297285714285715,0.9296714285714286,0.7256714285714286,
169,Switzerland,Europe,10.1,12.8,7.5,11.73,18.036,5.726,11.73,18.036,5.726,26.244444444444444,29.54444444444444,22.944444444444443,100.0,,0.384621052631579,0.018975,0.02495,0.013175,0.41,,1.1145857142857143,1.248057142857143,0.9738571428571429,
170,Syrian Arab Republic,Eastern Mediterranean,22.1,25.639999999999997,18.52,0.694,1.204,0.1808,0.694,1.204,0.1808,,,,92.63777777777779,70.52333333333333,0.14202142857142858,0.001675,0.002625,0.000725,4.283333333333333,,5.252402985074627,5.49910447761194,5.049835820895522,93.85
171,Tajikistan,Europe,26.28,29.1,23.32,2.854,4.846,0.8859999999999999,2.854,4.846,0.8859999999999999,,,,59.300000000000004,75.81138888888889,0.212472,0.002725,0.00395,0.00145,4.575,17.425,7.119479166666667,7.802979166666667,6.439166666666666,86.40666666666667
172,United Republic of Tanzania,Africa,18.74,19.259999999999998,18.32,9.88,16.5,3.5799999999999996,9.88,16.5,3.5799999999999996,16.299999999999997,28.5,4.1,28.953888888888887,50.37,0.003225,0.005775000000000001,0.00825,0.003325,12.45,28.9875,,,,56.2
173,Thailand,South-East Asia,16.36,19.9,13.12,7.534000000000001,12.174000000000001,3.1700000000000004,7.534000000000001,12.174000000000001,3.1700000000000004,25.61111111111111,47.333333333333336,3.8777777777777778,95.83944444444444,83.92166666666668,0.036611111111111115,0.01445,0.02245,0.006725,4.546111111111111,,5.083642857142857,5.490228571428571,4.638942857142857,98.86
174,Togo,Africa,24.32,24.98,23.7,2.398,3.8240000000000003,1.002,2.398,3.8240000000000003,1.002,8.899999999999999,15.200000000000001,2.566666666666667,39.016666666666666,11.261190476190476,0.0071875,0.009600000000000001,0.012875000000000001,0.006375,7.691666666666667,12.425,,,,54.220000000000006
175,Tonga,Western Pacific,24.580000000000002,30.46,19.080000000000002,1.378,2.3,0.48200000000000004,1.378,2.3,0.48200000000000004,31.08888888888889,49.27777777777778,12.899999999999999,98.50333333333333,,0.0484,0.003525,0.0041,0.002925,2.0783333333333336,20.342857142857145,,,,96.84166666666665
176,Trinidad and Tobago,Americas,24.34,28.119999999999997,20.72,6.25,9.826,2.7979999999999996,6.25,9.826,2.7979999999999996,,,,95.53888888888889,89.45333333333332,0.1509,0.013825,0.0223,0.0055,3.5780000000000003,7.062857142857142,,,,99.54615384615384
177,Tunisia,Eastern Mediterranean,17.5,22.0,12.98,1.666,2.93,0.44800000000000006,1.666,2.93,0.44800000000000006,30.200000000000003,56.58888888888889,3.8000000000000003,78.58166666666666,82.49,0.08828695652173914,0.003525,0.004875,0.002225,0.6288888888888889,,,,,89.23333333333333
178,Turkey,Europe,18.64,24.52,13.040000000000001,2.2039999999999997,3.8939999999999997,0.608,2.2039999999999997,3.8939999999999997,0.608,31.15555555555555,45.75555555555556,16.522222222222222,94.59611111111111,,0.14356785714285714,0.007625000000000001,0.01205,0.003325,3.4270588235294115,12.0,,,,96.53999999999999
179,Turkmenistan,Europe,32.14,39.160000000000004,25.56,4.95,8.446000000000002,1.65,4.95,8.446000000000002,1.65,,,,89.48,86.21944444444445,0.27302666666666664,0.0089,0.013975,0.00395,2.30125,,,,,98.89999999999999
180,Tuvalu,Western Pacific,,,,1.834,3.024,0.6060000000000001,1.834,3.024,0.6060000000000001,52.98888888888889,72.25555555555555,33.74444444444444,98.1129411764706,,0.09374,,,,3.245,25.0,,,,97.7
181,Uganda,Africa,23.439999999999998,25.28,21.919999999999998,14.052000000000001,22.816,5.656000000000001,14.052000000000001,22.816,5.656000000000001,14.022222222222222,21.577777777777776,6.444444444444445,29.57,14.233888888888888,0.01128,0.0105,0.0107,0.01035,15.25,29.3625,,,,57.833333333333336
182,Ukraine,Europe,29.96,41.32,20.22,11.304,18.784,5.086,11.304,18.784,5.086,29.555555555555557,47.5,11.588888888888889,94.00333333333333,,0.31899333333333335,0.030400000000000003,0.0545,0.00955,2.838235294117647,8.9625,,,,99.75333333333334
183,United Arab Emirates,Eastern Mediterranean,18.48,18.86,17.36,3.412,4.282,0.7060000000000001,3.412,4.282,0.7060000000000001,19.288888888888888,37.599999999999994,0.9444444444444444,96.06722222222223,,0.18321578947368422,0.003025,0.003925,0.000875,2.3941666666666666,,,,,99.92500000000001
184,United Kingdom of Great Britain and Northern Ireland,Europe,12.98,15.580000000000002,10.440000000000001,12.468,19.346,5.954,12.468,19.346,5.954,24.211111111111112,25.744444444444444,22.700000000000003,100.0,,0.2247310344827586,0.00845,0.012674999999999999,0.004425,2.2344444444444442,6.0,,,,
185,United States of America,Americas,15.48,18.580000000000002,12.540000000000001,9.546,14.824000000000002,4.476,9.546,14.824000000000002,4.476,27.27777777777778,33.21111111111111,21.322222222222223,97.74777777777778,,0.25154375,0.01285,0.02005,0.005825,3.4683333333333333,,,,,99.24736842105263
186,Uruguay,Americas,18.240000000000002,23.919999999999998,13.1,7.312,11.544,3.4880000000000004,7.312,11.544,3.4880000000000004,26.91111111111111,30.93333333333333,22.855555555555554,82.42222222222222,,0.417725,0.017175,0.027825,0.0072,5.757894736842106,2.8,,,,99.71111111111111
187,Uzbekistan,Europe,27.0,32.18,22.04,3.604,6.202,1.108,3.604,6.202,1.108,13.466666666666667,25.58888888888889,1.3222222222222222,89.39666666666668,,0.28758333333333336,0.0067,0.009625,0.0038,1.793,,,,,99.97777777777777
188,Vanuatu,Western Pacific,25.080000000000002,28.439999999999998,21.32,1.6920000000000002,2.792,0.58,1.6920000000000002,2.792,0.58,26.5,49.2,3.788888888888889,82.11444444444444,30.26111111111111,0.014083333333333331,0.00565,0.008199999999999999,0.0030499999999999998,6.506666666666667,44.0,,,,86.71666666666665
189,Venezuela (Bolivarian Republic of),Americas,19.14,22.68,15.7,7.640000000000001,12.102,3.2640000000000002,7.640000000000001,12.102,3.2640000000000002,,,,96.18777777777777,,0.1948,0.0055,0.009275,0.0017500000000000003,9.177692307692308,,,,,98.0
190,Viet Nam,Western Pacific,17.880000000000003,24.46,12.059999999999999,5.252000000000001,8.559999999999999,2.116,5.252000000000001,8.559999999999999,2.116,,,,83.97055555555556,86.72538461538461,0.0688,0.0069,0.01035,0.0036,3.1092857142857144,11.4,,,,89.83333333333333
191,Yemen,Eastern Mediterranean,31.78,34.38,29.28,0.2832,0.48840000000000006,0.0752,0.2832,0.48840000000000006,0.0752,23.833333333333332,35.98888888888889,11.666666666666666,40.17166666666667,52.37703703703704,0.034839999999999996,0.008075,0.01085,0.005175,7.134,,,,,38.26666666666667
192,Zambia,Africa,20.02,19.82,20.22,5.362,8.718,2.144,5.362,8.718,2.144,16.288888888888888,27.200000000000003,5.388888888888889,36.503888888888895,14.77125,0.02103,0.00675,0.0097,0.003875,14.578333333333333,26.025,,,,54.25
193,Zimbabwe,Africa,20.78,20.3,21.16,3.75,6.403999999999999,1.3219999999999998,3.75,6.403999999999999,1.3219999999999998,15.255555555555556,28.77777777777778,1.7666666666666666,55.077777777777776,38.86238095238095,0.012852941176470588,0.012325000000000001,0.018975,0.006,10.588,19.825,,,,73.16666666666667
